Job Number,DateADDED,Date Logged,AgeOfJobInWorkingDays,Date Completed,WorkingDaysToComplete,Job Description,Job Status Description,Status change start or finish,Working Days between statuses
8241424,03/01/2023,02/01/2023,0,03/02/2023,23,*Disabled Adaptation Works - Structural*,Awaiting Scheduling,Start,
8241424,04/01/2023,02/01/2023,1,03/02/2023,23,*Disabled Adaptation Works - Structural*,Awaiting Scheduling,,
8241424,05/01/2023,02/01/2023,2,03/02/2023,23,*Disabled Adaptation Works - Structural*,Awaiting Scheduling,,
8241424,06/01/2023,02/01/2023,3,03/02/2023,23,*Disabled Adaptation Works - Structural*,Awaiting Scheduling,,
8241424,07/01/2023,02/01/2023,3,03/02/2023,23,*Disabled Adaptation Works - Structural*,Awaiting Scheduling,,
8241424,08/01/2023,02/01/2023,3,03/02/2023,23,*Disabled Adaptation Works - Structural*,Awaiting Scheduling,,
8241424,09/01/2023,02/01/2023,4,03/02/2023,23,*Disabled Adaptation Works - Structural*,Awaiting Scheduling,Finish,4
8241424,10/01/2023,02/01/2023,5,03/02/2023,23,*Disabled Adaptation Works - Structural*,Job Scheduled,Start,
8241424,11/01/2023,02/01/2023,6,03/02/2023,23,*Disabled Adaptation Works - Structural*,Job Scheduled,,
8241424,12/01/2023,02/01/2023,7,03/02/2023,23,*Disabled Adaptation Works - Structural*,Job Scheduled,,
8241424,13/01/2023,02/01/2023,8,03/02/2023,23,*Disabled Adaptation Works - Structural*,Job Scheduled,,
8241424,14/01/2023,02/01/2023,8,03/02/2023,23,*Disabled Adaptation Works - Structural*,Job Scheduled,,
8241424,15/01/2023,02/01/2023,8,03/02/2023,23,*Disabled Adaptation Works - Structural*,Job Scheduled,,
8241424,16/01/2023,02/01/2023,9,03/02/2023,23,*Disabled Adaptation Works - Structural*,Job Scheduled,,
8241424,17/01/2023,02/01/2023,10,03/02/2023,23,*Disabled Adaptation Works - Structural*,Job Scheduled,,
8241424,18/01/2023,02/01/2023,11,03/02/2023,23,*Disabled Adaptation Works - Structural*,Job Scheduled,,
8241424,19/01/2023,02/01/2023,12,03/02/2023,23,*Disabled Adaptation Works - Structural*,Job Scheduled,,
8241424,20/01/2023,02/01/2023,13,03/02/2023,23,*Disabled Adaptation Works - Structural*,Job Scheduled,,
8241424,21/01/2023,02/01/2023,13,03/02/2023,23,*Disabled Adaptation Works - Structural*,Job Scheduled,,
8241424,22/01/2023,02/01/2023,13,03/02/2023,23,*Disabled Adaptation Works - Structural*,Job Scheduled,,
8241424,23/01/2023,02/01/2023,14,03/02/2023,23,*Disabled Adaptation Works - Structural*,Job Scheduled,,
8241424,24/01/2023,02/01/2023,15,03/02/2023,23,*Disabled Adaptation Works - Structural*,Job Scheduled,,
8241424,25/01/2023,02/01/2023,16,03/02/2023,23,*Disabled Adaptation Works - Structural*,Job Scheduled,,
8241424,26/01/2023,02/01/2023,17,03/02/2023,23,*Disabled Adaptation Works - Structural*,Job Scheduled,,
8241424,27/01/2023,02/01/2023,18,03/02/2023,23,*Disabled Adaptation Works - Structural*,Job Scheduled,,
8241424,28/01/2023,02/01/2023,18,03/02/2023,23,*Disabled Adaptation Works - Structural*,Job Scheduled,,
8241424,29/01/2023,02/01/2023,18,03/02/2023,23,*Disabled Adaptation Works - Structural*,Job Scheduled,,
8241424,30/01/2023,02/01/2023,19,03/02/2023,23,*Disabled Adaptation Works - Structural*,Job Scheduled,,
8241424,31/01/2023,02/01/2023,20,03/02/2023,23,*Disabled Adaptation Works - Structural*,Job Scheduled,,
8241424,01/02/2023,02/01/2023,21,03/02/2023,23,*Disabled Adaptation Works - Structural*,Job Scheduled,,
8241424,02/02/2023,02/01/2023,22,03/02/2023,23,*Disabled Adaptation Works - Structural*,Job Scheduled,,
8241424,03/02/2023,02/01/2023,23,03/02/2023,23,*Disabled Adaptation Works - Structural*,Job Scheduled,Finish,17
8241432,03/01/2023,02/01/2023,0,23/01/2023,14,*Disabled Adaptation Works - Structural*,Awaiting Scheduling,Start,
8241432,04/01/2023,02/01/2023,1,23/01/2023,14,*Disabled Adaptation Works - Structural*,Awaiting Scheduling,Finish,1
8241432,05/01/2023,02/01/2023,2,23/01/2023,14,*Disabled Adaptation Works - Structural*,Job Scheduled,Start,
8241432,06/01/2023,02/01/2023,3,23/01/2023,14,*Disabled Adaptation Works - Structural*,Job Scheduled,,
8241432,07/01/2023,02/01/2023,3,23/01/2023,14,*Disabled Adaptation Works - Structural*,Job Scheduled,,
8241432,08/01/2023,02/01/2023,3,23/01/2023,14,*Disabled Adaptation Works - Structural*,Job Scheduled,,
8241432,09/01/2023,02/01/2023,4,23/01/2023,14,*Disabled Adaptation Works - Structural*,Job Scheduled,,
8241432,10/01/2023,02/01/2023,5,23/01/2023,14,*Disabled Adaptation Works - Structural*,Job Scheduled,,
8241432,11/01/2023,02/01/2023,6,23/01/2023,14,*Disabled Adaptation Works - Structural*,Job Scheduled,,
8241432,12/01/2023,02/01/2023,7,23/01/2023,14,*Disabled Adaptation Works - Structural*,Job Scheduled,,
8241432,13/01/2023,02/01/2023,8,23/01/2023,14,*Disabled Adaptation Works - Structural*,Job Scheduled,,
8241432,14/01/2023,02/01/2023,8,23/01/2023,14,*Disabled Adaptation Works - Structural*,Job Scheduled,,
8241432,15/01/2023,02/01/2023,8,23/01/2023,14,*Disabled Adaptation Works - Structural*,Job Scheduled,,
8241432,16/01/2023,02/01/2023,9,23/01/2023,14,*Disabled Adaptation Works - Structural*,Job Scheduled,,
8241432,17/01/2023,02/01/2023,10,23/01/2023,14,*Disabled Adaptation Works - Structural*,Job Scheduled,,
8241432,18/01/2023,02/01/2023,11,23/01/2023,14,*Disabled Adaptation Works - Structural*,Job Scheduled,,
8241432,19/01/2023,02/01/2023,12,23/01/2023,14,*Disabled Adaptation Works - Structural*,Job Scheduled,,
8241432,20/01/2023,02/01/2023,13,23/01/2023,14,*Disabled Adaptation Works - Structural*,Job Scheduled,,
8241432,21/01/2023,02/01/2023,13,23/01/2023,14,*Disabled Adaptation Works - Structural*,Job Scheduled,,
8241432,22/01/2023,02/01/2023,13,23/01/2023,14,*Disabled Adaptation Works - Structural*,Job Scheduled,,
8241432,23/01/2023,02/01/2023,14,23/01/2023,14,*Disabled Adaptation Works - Structural*,Job Scheduled,Finish,12
8241466,31/01/2023,02/01/2023,20,15/06/2023,112,*Disabled Adaptation Works - SmallWorks*,Awaiting Scheduling,Start,
8241466,01/02/2023,02/01/2023,21,15/06/2023,112,*Disabled Adaptation Works - SmallWorks*,Awaiting Scheduling,,
8241466,02/02/2023,02/01/2023,22,15/06/2023,112,*Disabled Adaptation Works - SmallWorks*,Awaiting Scheduling,,
8241466,03/02/2023,02/01/2023,23,15/06/2023,112,*Disabled Adaptation Works - SmallWorks*,Awaiting Scheduling,,
8241466,04/02/2023,02/01/2023,23,15/06/2023,112,*Disabled Adaptation Works - SmallWorks*,Awaiting Scheduling,,
8241466,05/02/2023,02/01/2023,23,15/06/2023,112,*Disabled Adaptation Works - SmallWorks*,Awaiting Scheduling,,
8241466,06/02/2023,02/01/2023,24,15/06/2023,112,*Disabled Adaptation Works - SmallWorks*,Awaiting Scheduling,,
8241466,07/02/2023,02/01/2023,25,15/06/2023,112,*Disabled Adaptation Works - SmallWorks*,Awaiting Scheduling,,
8241466,08/02/2023,02/01/2023,26,15/06/2023,112,*Disabled Adaptation Works - SmallWorks*,Awaiting Scheduling,,
8241466,09/02/2023,02/01/2023,27,15/06/2023,112,*Disabled Adaptation Works - SmallWorks*,Awaiting Scheduling,,
8241466,10/02/2023,02/01/2023,28,15/06/2023,112,*Disabled Adaptation Works - SmallWorks*,Awaiting Scheduling,,
8241466,11/02/2023,02/01/2023,28,15/06/2023,112,*Disabled Adaptation Works - SmallWorks*,Awaiting Scheduling,,
8241466,12/02/2023,02/01/2023,28,15/06/2023,112,*Disabled Adaptation Works - SmallWorks*,Awaiting Scheduling,,
8241466,13/02/2023,02/01/2023,29,15/06/2023,112,*Disabled Adaptation Works - SmallWorks*,Awaiting Scheduling,,
8241466,14/02/2023,02/01/2023,30,15/06/2023,112,*Disabled Adaptation Works - SmallWorks*,Awaiting Scheduling,,
8241466,15/02/2023,02/01/2023,31,15/06/2023,112,*Disabled Adaptation Works - SmallWorks*,Awaiting Scheduling,,
8241466,16/02/2023,02/01/2023,32,15/06/2023,112,*Disabled Adaptation Works - SmallWorks*,Awaiting Scheduling,,
8241466,17/02/2023,02/01/2023,33,15/06/2023,112,*Disabled Adaptation Works - SmallWorks*,Awaiting Scheduling,,
8241466,18/02/2023,02/01/2023,33,15/06/2023,112,*Disabled Adaptation Works - SmallWorks*,Awaiting Scheduling,,
8241466,19/02/2023,02/01/2023,33,15/06/2023,112,*Disabled Adaptation Works - SmallWorks*,Awaiting Scheduling,,
8241466,20/02/2023,02/01/2023,34,15/06/2023,112,*Disabled Adaptation Works - SmallWorks*,Awaiting Scheduling,,
8241466,21/02/2023,02/01/2023,35,15/06/2023,112,*Disabled Adaptation Works - SmallWorks*,Awaiting Scheduling,,
8241466,22/02/2023,02/01/2023,36,15/06/2023,112,*Disabled Adaptation Works - SmallWorks*,Awaiting Scheduling,,
8241466,23/02/2023,02/01/2023,37,15/06/2023,112,*Disabled Adaptation Works - SmallWorks*,Awaiting Scheduling,,
8241466,24/02/2023,02/01/2023,38,15/06/2023,112,*Disabled Adaptation Works - SmallWorks*,Awaiting Scheduling,,
8241466,25/02/2023,02/01/2023,38,15/06/2023,112,*Disabled Adaptation Works - SmallWorks*,Awaiting Scheduling,,
8241466,26/02/2023,02/01/2023,38,15/06/2023,112,*Disabled Adaptation Works - SmallWorks*,Awaiting Scheduling,,
8241466,27/02/2023,02/01/2023,39,15/06/2023,112,*Disabled Adaptation Works - SmallWorks*,Awaiting Scheduling,,
8241466,28/02/2023,02/01/2023,40,15/06/2023,112,*Disabled Adaptation Works - SmallWorks*,Awaiting Scheduling,,
8241466,01/03/2023,02/01/2023,41,15/06/2023,112,*Disabled Adaptation Works - SmallWorks*,Awaiting Scheduling,,
8241466,02/03/2023,02/01/2023,42,15/06/2023,112,*Disabled Adaptation Works - SmallWorks*,Awaiting Scheduling,,
8241466,03/03/2023,02/01/2023,43,15/06/2023,112,*Disabled Adaptation Works - SmallWorks*,Awaiting Scheduling,,
8241466,04/03/2023,02/01/2023,43,15/06/2023,112,*Disabled Adaptation Works - SmallWorks*,Awaiting Scheduling,,
8241466,05/03/2023,02/01/2023,43,15/06/2023,112,*Disabled Adaptation Works - SmallWorks*,Awaiting Scheduling,,
8241466,06/03/2023,02/01/2023,44,15/06/2023,112,*Disabled Adaptation Works - SmallWorks*,Awaiting Scheduling,,
8241466,07/03/2023,02/01/2023,45,15/06/2023,112,*Disabled Adaptation Works - SmallWorks*,Awaiting Scheduling,,
8241466,08/03/2023,02/01/2023,46,15/06/2023,112,*Disabled Adaptation Works - SmallWorks*,Awaiting Scheduling,,
8241466,09/03/2023,02/01/2023,47,15/06/2023,112,*Disabled Adaptation Works - SmallWorks*,Awaiting Scheduling,,
8241466,10/03/2023,02/01/2023,48,15/06/2023,112,*Disabled Adaptation Works - SmallWorks*,Awaiting Scheduling,,
8241466,11/03/2023,02/01/2023,48,15/06/2023,112,*Disabled Adaptation Works - SmallWorks*,Awaiting Scheduling,,
8241466,12/03/2023,02/01/2023,48,15/06/2023,112,*Disabled Adaptation Works - SmallWorks*,Awaiting Scheduling,,
8241466,13/03/2023,02/01/2023,49,15/06/2023,112,*Disabled Adaptation Works - SmallWorks*,Awaiting Scheduling,,
8241466,14/03/2023,02/01/2023,50,15/06/2023,112,*Disabled Adaptation Works - SmallWorks*,Awaiting Scheduling,,
8241466,15/03/2023,02/01/2023,51,15/06/2023,112,*Disabled Adaptation Works - SmallWorks*,Awaiting Scheduling,,
8241466,16/03/2023,02/01/2023,52,15/06/2023,112,*Disabled Adaptation Works - SmallWorks*,Awaiting Scheduling,,
8241466,17/03/2023,02/01/2023,53,15/06/2023,112,*Disabled Adaptation Works - SmallWorks*,Awaiting Scheduling,,
8241466,18/03/2023,02/01/2023,53,15/06/2023,112,*Disabled Adaptation Works - SmallWorks*,Awaiting Scheduling,,
8241466,19/03/2023,02/01/2023,53,15/06/2023,112,*Disabled Adaptation Works - SmallWorks*,Awaiting Scheduling,,
8241466,20/03/2023,02/01/2023,54,15/06/2023,112,*Disabled Adaptation Works - SmallWorks*,Awaiting Scheduling,,
8241466,21/03/2023,02/01/2023,55,15/06/2023,112,*Disabled Adaptation Works - SmallWorks*,Awaiting Scheduling,,
8241466,22/03/2023,02/01/2023,56,15/06/2023,112,*Disabled Adaptation Works - SmallWorks*,Awaiting Scheduling,,
8241466,23/03/2023,02/01/2023,57,15/06/2023,112,*Disabled Adaptation Works - SmallWorks*,Awaiting Scheduling,,
8241466,24/03/2023,02/01/2023,58,15/06/2023,112,*Disabled Adaptation Works - SmallWorks*,Awaiting Scheduling,,
8241466,25/03/2023,02/01/2023,58,15/06/2023,112,*Disabled Adaptation Works - SmallWorks*,Awaiting Scheduling,,
8241466,26/03/2023,02/01/2023,58,15/06/2023,112,*Disabled Adaptation Works - SmallWorks*,Awaiting Scheduling,,
8241466,27/03/2023,02/01/2023,59,15/06/2023,112,*Disabled Adaptation Works - SmallWorks*,Awaiting Scheduling,,
8241466,28/03/2023,02/01/2023,60,15/06/2023,112,*Disabled Adaptation Works - SmallWorks*,Awaiting Scheduling,,
8241466,29/03/2023,02/01/2023,61,15/06/2023,112,*Disabled Adaptation Works - SmallWorks*,Awaiting Scheduling,,
8241466,30/03/2023,02/01/2023,62,15/06/2023,112,*Disabled Adaptation Works - SmallWorks*,Awaiting Scheduling,,
8241466,31/03/2023,02/01/2023,63,15/06/2023,112,*Disabled Adaptation Works - SmallWorks*,Awaiting Scheduling,,
8241466,01/04/2023,02/01/2023,63,15/06/2023,112,*Disabled Adaptation Works - SmallWorks*,Awaiting Scheduling,,
8241466,02/04/2023,02/01/2023,63,15/06/2023,112,*Disabled Adaptation Works - SmallWorks*,Awaiting Scheduling,,
8241466,03/04/2023,02/01/2023,64,15/06/2023,112,*Disabled Adaptation Works - SmallWorks*,Awaiting Scheduling,,
8241466,04/04/2023,02/01/2023,65,15/06/2023,112,*Disabled Adaptation Works - SmallWorks*,Awaiting Scheduling,,
8241466,05/04/2023,02/01/2023,66,15/06/2023,112,*Disabled Adaptation Works - SmallWorks*,Awaiting Scheduling,,
8241466,06/04/2023,02/01/2023,67,15/06/2023,112,*Disabled Adaptation Works - SmallWorks*,Awaiting Scheduling,,
8241466,07/04/2023,02/01/2023,67,15/06/2023,112,*Disabled Adaptation Works - SmallWorks*,Awaiting Scheduling,,
8241466,08/04/2023,02/01/2023,67,15/06/2023,112,*Disabled Adaptation Works - SmallWorks*,Awaiting Scheduling,,
8241466,09/04/2023,02/01/2023,67,15/06/2023,112,*Disabled Adaptation Works - SmallWorks*,Awaiting Scheduling,,
8241466,10/04/2023,02/01/2023,67,15/06/2023,112,*Disabled Adaptation Works - SmallWorks*,Awaiting Scheduling,,
8241466,11/04/2023,02/01/2023,68,15/06/2023,112,*Disabled Adaptation Works - SmallWorks*,Awaiting Scheduling,,
8241466,12/04/2023,02/01/2023,69,15/06/2023,112,*Disabled Adaptation Works - SmallWorks*,Awaiting Scheduling,,
8241466,13/04/2023,02/01/2023,70,15/06/2023,112,*Disabled Adaptation Works - SmallWorks*,Awaiting Scheduling,,
8241466,14/04/2023,02/01/2023,71,15/06/2023,112,*Disabled Adaptation Works - SmallWorks*,Awaiting Scheduling,,
8241466,15/04/2023,02/01/2023,71,15/06/2023,112,*Disabled Adaptation Works - SmallWorks*,Awaiting Scheduling,,
8241466,16/04/2023,02/01/2023,71,15/06/2023,112,*Disabled Adaptation Works - SmallWorks*,Awaiting Scheduling,,
8241466,17/04/2023,02/01/2023,72,15/06/2023,112,*Disabled Adaptation Works - SmallWorks*,Awaiting Scheduling,,
8241466,18/04/2023,02/01/2023,73,15/06/2023,112,*Disabled Adaptation Works - SmallWorks*,Awaiting Scheduling,,
8241466,19/04/2023,02/01/2023,74,15/06/2023,112,*Disabled Adaptation Works - SmallWorks*,Awaiting Scheduling,,
8241466,20/04/2023,02/01/2023,75,15/06/2023,112,*Disabled Adaptation Works - SmallWorks*,Awaiting Scheduling,,
8241466,21/04/2023,02/01/2023,76,15/06/2023,112,*Disabled Adaptation Works - SmallWorks*,Awaiting Scheduling,,
8241466,22/04/2023,02/01/2023,76,15/06/2023,112,*Disabled Adaptation Works - SmallWorks*,Awaiting Scheduling,,
8241466,23/04/2023,02/01/2023,76,15/06/2023,112,*Disabled Adaptation Works - SmallWorks*,Awaiting Scheduling,,
8241466,24/04/2023,02/01/2023,77,15/06/2023,112,*Disabled Adaptation Works - SmallWorks*,Awaiting Scheduling,Finish,57
8241903,04/01/2023,03/01/2023,1,25/05/2023,98,Routine Scope - Internal Works,Job Scheduled,Start,
8241903,05/01/2023,03/01/2023,2,25/05/2023,98,Routine Scope - Internal Works,Job Scheduled,,
8241903,06/01/2023,03/01/2023,3,25/05/2023,98,Routine Scope - Internal Works,Job Scheduled,,
8241903,07/01/2023,03/01/2023,3,25/05/2023,98,Routine Scope - Internal Works,Job Scheduled,,
8241903,08/01/2023,03/01/2023,3,25/05/2023,98,Routine Scope - Internal Works,Job Scheduled,,
8241903,09/01/2023,03/01/2023,4,25/05/2023,98,Routine Scope - Internal Works,Job Scheduled,,
8241903,10/01/2023,03/01/2023,5,25/05/2023,98,Routine Scope - Internal Works,Job Scheduled,,
8241903,11/01/2023,03/01/2023,6,25/05/2023,98,Routine Scope - Internal Works,Job Scheduled,,
8241903,12/01/2023,03/01/2023,7,25/05/2023,98,Routine Scope - Internal Works,Job Scheduled,,
8241903,13/01/2023,03/01/2023,8,25/05/2023,98,Routine Scope - Internal Works,Job Scheduled,,
8241903,14/01/2023,03/01/2023,8,25/05/2023,98,*Staircase repair*,Job Scheduled,,
8241903,15/01/2023,03/01/2023,8,25/05/2023,98,*Staircase repair*,Job Scheduled,,
8241903,16/01/2023,03/01/2023,9,25/05/2023,98,*Staircase repair*,Job Scheduled,,
8241903,17/01/2023,03/01/2023,10,25/05/2023,98,*Staircase repair*,Job Scheduled,,
8241903,18/01/2023,03/01/2023,11,25/05/2023,98,*Staircase repair*,Job Scheduled,,
8241903,19/01/2023,03/01/2023,12,25/05/2023,98,*Staircase repair*,Job Scheduled,,
8241903,20/01/2023,03/01/2023,13,25/05/2023,98,*Staircase repair*,Job Scheduled,,
8241903,21/01/2023,03/01/2023,13,25/05/2023,98,*Staircase repair*,Job Scheduled,,
8241903,22/01/2023,03/01/2023,13,25/05/2023,98,*Staircase repair*,Job Scheduled,,
8241903,23/01/2023,03/01/2023,14,25/05/2023,98,*Staircase repair*,Job Scheduled,,
8241903,24/01/2023,03/01/2023,15,25/05/2023,98,*Staircase repair*,Job Scheduled,,
8241903,25/01/2023,03/01/2023,16,25/05/2023,98,*Staircase repair*,Job Scheduled,,
8241903,26/01/2023,03/01/2023,17,25/05/2023,98,*Staircase repair*,Job Scheduled,,
8241903,27/01/2023,03/01/2023,18,25/05/2023,98,*Staircase repair*,Job Scheduled,,
8241903,28/01/2023,03/01/2023,18,25/05/2023,98,*Staircase repair*,Job Scheduled,,
8241903,29/01/2023,03/01/2023,18,25/05/2023,98,*Staircase repair*,Job Scheduled,,
8241903,30/01/2023,03/01/2023,19,25/05/2023,98,*Staircase repair*,Job Scheduled,,
8241903,31/01/2023,03/01/2023,20,25/05/2023,98,*Staircase repair*,Job Scheduled,,
8241903,01/02/2023,03/01/2023,21,25/05/2023,98,*Staircase repair*,Job Scheduled,,
8241903,02/02/2023,03/01/2023,22,25/05/2023,98,*Staircase repair*,Job Scheduled,,
8241903,03/02/2023,03/01/2023,23,25/05/2023,98,*Staircase repair*,Job Scheduled,,
8241903,04/02/2023,03/01/2023,23,25/05/2023,98,*Staircase repair*,Job Scheduled,,
8241903,05/02/2023,03/01/2023,23,25/05/2023,98,*Staircase repair*,Job Scheduled,,
8241903,06/02/2023,03/01/2023,24,25/05/2023,98,*Staircase repair*,Job Scheduled,,
8241903,07/02/2023,03/01/2023,25,25/05/2023,98,*Staircase repair*,Job Scheduled,,
8241903,08/02/2023,03/01/2023,26,25/05/2023,98,*Staircase repair*,Job Scheduled,,
8241903,09/02/2023,03/01/2023,27,25/05/2023,98,*Staircase repair*,Job Scheduled,,
8241903,10/02/2023,03/01/2023,28,25/05/2023,98,*Staircase repair*,Job Scheduled,,
8241903,11/02/2023,03/01/2023,28,25/05/2023,98,*Staircase repair*,Job Scheduled,,
8241903,12/02/2023,03/01/2023,28,25/05/2023,98,*Staircase repair*,Job Scheduled,,
8241903,13/02/2023,03/01/2023,29,25/05/2023,98,*Staircase repair*,Job Scheduled,,
8241903,14/02/2023,03/01/2023,30,25/05/2023,98,*Staircase repair*,Job Scheduled,,
8241903,15/02/2023,03/01/2023,31,25/05/2023,98,*Staircase repair*,Job Scheduled,,
8241903,16/02/2023,03/01/2023,32,25/05/2023,98,*Staircase repair*,Job Scheduled,,
8241903,17/02/2023,03/01/2023,33,25/05/2023,98,*Staircase repair*,Job Scheduled,,
8241903,18/02/2023,03/01/2023,33,25/05/2023,98,*Staircase repair*,Job Scheduled,,
8241903,19/02/2023,03/01/2023,33,25/05/2023,98,*Staircase repair*,Job Scheduled,,
8241903,20/02/2023,03/01/2023,34,25/05/2023,98,*Staircase repair*,Job Scheduled,,
8241903,21/02/2023,03/01/2023,35,25/05/2023,98,*Staircase repair*,Job Scheduled,,
8241903,22/02/2023,03/01/2023,36,25/05/2023,98,*Staircase repair*,Job Scheduled,,
8241903,23/02/2023,03/01/2023,37,25/05/2023,98,*Staircase repair*,Job Scheduled,,
8241903,24/02/2023,03/01/2023,38,25/05/2023,98,*Staircase repair*,Job Scheduled,,
8241903,25/02/2023,03/01/2023,38,25/05/2023,98,*Staircase repair*,Job Scheduled,,
8241903,26/02/2023,03/01/2023,38,25/05/2023,98,*Staircase repair*,Job Scheduled,,
8241903,27/02/2023,03/01/2023,39,25/05/2023,98,*Staircase repair*,Job Scheduled,,
8241903,28/02/2023,03/01/2023,40,25/05/2023,98,*Staircase repair*,Job Scheduled,,
8241903,01/03/2023,03/01/2023,41,25/05/2023,98,*Staircase repair*,Job Scheduled,,
8241903,02/03/2023,03/01/2023,42,25/05/2023,98,*Staircase repair*,Job Scheduled,,
8241903,03/03/2023,03/01/2023,43,25/05/2023,98,*Staircase repair*,Job Scheduled,,
8241903,04/03/2023,03/01/2023,43,25/05/2023,98,*Staircase repair*,Job Scheduled,,
8241903,05/03/2023,03/01/2023,43,25/05/2023,98,*Staircase repair*,Job Scheduled,,
8241903,06/03/2023,03/01/2023,44,25/05/2023,98,*Staircase repair*,Job Scheduled,,
8241903,07/03/2023,03/01/2023,45,25/05/2023,98,*Staircase repair*,Job Scheduled,,
8241903,08/03/2023,03/01/2023,46,25/05/2023,98,*Staircase repair*,Job Scheduled,,
8241903,09/03/2023,03/01/2023,47,25/05/2023,98,*Staircase repair*,Job Scheduled,,
8241903,10/03/2023,03/01/2023,48,25/05/2023,98,*Staircase repair*,Job Scheduled,,
8241903,11/03/2023,03/01/2023,48,25/05/2023,98,*Staircase repair*,Job Scheduled,,
8241903,12/03/2023,03/01/2023,48,25/05/2023,98,*Staircase repair*,Job Scheduled,,
8241903,13/03/2023,03/01/2023,49,25/05/2023,98,*Staircase repair*,Job Scheduled,,
8241903,14/03/2023,03/01/2023,50,25/05/2023,98,*Staircase repair*,Job Scheduled,,
8241903,15/03/2023,03/01/2023,51,25/05/2023,98,*Staircase repair*,Job Scheduled,,
8241903,16/03/2023,03/01/2023,52,25/05/2023,98,*Staircase repair*,Job Scheduled,,
8241903,17/03/2023,03/01/2023,53,25/05/2023,98,*Staircase repair*,Job Scheduled,,
8241903,18/03/2023,03/01/2023,53,25/05/2023,98,*Staircase repair*,Job Scheduled,,
8241903,19/03/2023,03/01/2023,53,25/05/2023,98,*Staircase repair*,Job Scheduled,,
8241903,20/03/2023,03/01/2023,54,25/05/2023,98,*Staircase repair*,Job Scheduled,,
8241903,21/03/2023,03/01/2023,55,25/05/2023,98,*Staircase repair*,Job Scheduled,Finish,54
8241903,22/03/2023,03/01/2023,56,25/05/2023,98,*Staircase repair*,Awaiting Scheduling,Start,
8241903,23/03/2023,03/01/2023,57,25/05/2023,98,*Staircase repair*,Awaiting Scheduling,,
8241903,24/03/2023,03/01/2023,58,25/05/2023,98,*Staircase repair*,Awaiting Scheduling,,
8241903,25/03/2023,03/01/2023,58,25/05/2023,98,*Staircase repair*,Awaiting Scheduling,,
8241903,26/03/2023,03/01/2023,58,25/05/2023,98,*Staircase repair*,Awaiting Scheduling,,
8241903,27/03/2023,03/01/2023,59,25/05/2023,98,*Staircase repair*,Awaiting Scheduling,Finish,3
8241903,28/03/2023,03/01/2023,60,25/05/2023,98,*Staircase repair*,Job Scheduled,Start,
8241903,29/03/2023,03/01/2023,61,25/05/2023,98,*Staircase repair*,Job Scheduled,,
8241903,30/03/2023,03/01/2023,62,25/05/2023,98,*Staircase repair*,Job Scheduled,,
8241903,31/03/2023,03/01/2023,63,25/05/2023,98,*Staircase repair*,Job Scheduled,,
8241903,01/04/2023,03/01/2023,63,25/05/2023,98,*Staircase repair*,Job Scheduled,,
8241903,02/04/2023,03/01/2023,63,25/05/2023,98,*Staircase repair*,Job Scheduled,,
8241903,03/04/2023,03/01/2023,64,25/05/2023,98,*Staircase repair*,Job Scheduled,,
8241903,04/04/2023,03/01/2023,65,25/05/2023,98,*Staircase repair*,Job Scheduled,,
8241903,05/04/2023,03/01/2023,66,25/05/2023,98,*Staircase repair*,Job Scheduled,,
8241903,06/04/2023,03/01/2023,67,25/05/2023,98,*Staircase repair*,Job Scheduled,,
8241903,07/04/2023,03/01/2023,67,25/05/2023,98,*Staircase repair*,Job Scheduled,,
8241903,08/04/2023,03/01/2023,67,25/05/2023,98,*Staircase repair*,Job Scheduled,,
8241903,09/04/2023,03/01/2023,67,25/05/2023,98,*Staircase repair*,Job Scheduled,,
8241903,10/04/2023,03/01/2023,67,25/05/2023,98,*Staircase repair*,Job Scheduled,,
8241903,11/04/2023,03/01/2023,68,25/05/2023,98,*Staircase repair*,Job Scheduled,,
8241903,12/04/2023,03/01/2023,69,25/05/2023,98,*Staircase repair*,Job Scheduled,,
8241903,13/04/2023,03/01/2023,70,25/05/2023,98,*Staircase repair*,Job Scheduled,,
8241903,14/04/2023,03/01/2023,71,25/05/2023,98,*Staircase repair*,Job Scheduled,,
8241903,15/04/2023,03/01/2023,71,25/05/2023,98,*Staircase repair*,Job Scheduled,,
8241903,16/04/2023,03/01/2023,71,25/05/2023,98,*Staircase repair*,Job Scheduled,,
8241903,17/04/2023,03/01/2023,72,25/05/2023,98,*Staircase repair*,Job Scheduled,,
8241903,18/04/2023,03/01/2023,73,25/05/2023,98,*Staircase repair*,Job Scheduled,,
8241903,19/04/2023,03/01/2023,74,25/05/2023,98,*Staircase repair*,Job Scheduled,,
8241903,20/04/2023,03/01/2023,75,25/05/2023,98,*Staircase repair*,Job Scheduled,,
8241903,21/04/2023,03/01/2023,76,25/05/2023,98,*Staircase repair*,Job Scheduled,,
8241903,22/04/2023,03/01/2023,76,25/05/2023,98,*Staircase repair*,Job Scheduled,,
8241903,23/04/2023,03/01/2023,76,25/05/2023,98,*Staircase repair*,Job Scheduled,,
8241903,24/04/2023,03/01/2023,77,25/05/2023,98,*Staircase repair*,Job Scheduled,,
8241903,25/04/2023,03/01/2023,78,25/05/2023,98,*Staircase repair*,Job Scheduled,,
8241903,26/04/2023,03/01/2023,79,25/05/2023,98,*Staircase repair*,Job Scheduled,,
8241903,27/04/2023,03/01/2023,80,25/05/2023,98,*Staircase repair*,Job Scheduled,,
8241903,28/04/2023,03/01/2023,81,25/05/2023,98,*Staircase repair*,Job Scheduled,,
8241903,29/04/2023,03/01/2023,81,25/05/2023,98,*Staircase repair*,Job Scheduled,,
8241903,30/04/2023,03/01/2023,81,25/05/2023,98,*Staircase repair*,Job Scheduled,,
8241903,01/05/2023,03/01/2023,81,25/05/2023,98,*Staircase repair*,Job Scheduled,,
8241903,02/05/2023,03/01/2023,82,25/05/2023,98,*Staircase repair*,Job Scheduled,,
8241903,03/05/2023,03/01/2023,83,25/05/2023,98,*Staircase repair*,Job Scheduled,,
8241903,04/05/2023,03/01/2023,84,25/05/2023,98,*Staircase repair*,Job Scheduled,,
8241903,05/05/2023,03/01/2023,85,25/05/2023,98,*Staircase repair*,Job Scheduled,,
8241903,07/05/2023,03/01/2023,85,25/05/2023,98,*Staircase repair*,Job Scheduled,,
8241903,08/05/2023,03/01/2023,85,25/05/2023,98,*Staircase repair*,Job Scheduled,,
8241903,09/05/2023,03/01/2023,86,25/05/2023,98,*Staircase repair*,Job Scheduled,,
8241903,10/05/2023,03/01/2023,87,25/05/2023,98,*Staircase repair*,Job Scheduled,,
8241903,11/05/2023,03/01/2023,88,25/05/2023,98,*Staircase repair*,Job Scheduled,,
8241903,12/05/2023,03/01/2023,89,25/05/2023,98,*Staircase repair*,Job Scheduled,,
8241903,13/05/2023,03/01/2023,89,25/05/2023,98,*Staircase repair*,Job Scheduled,,
8241903,14/05/2023,03/01/2023,89,25/05/2023,98,*Staircase repair*,Job Scheduled,,
8241903,15/05/2023,03/01/2023,90,25/05/2023,98,*Staircase repair*,Job Scheduled,,
8241903,16/05/2023,03/01/2023,91,25/05/2023,98,*Staircase repair*,Job Scheduled,,
8241903,17/05/2023,03/01/2023,92,25/05/2023,98,*Staircase repair*,Job Scheduled,,
8241903,18/05/2023,03/01/2023,93,25/05/2023,98,*Staircase repair*,Job Scheduled,,
8241903,19/05/2023,03/01/2023,94,25/05/2023,98,*Staircase repair*,Job Scheduled,,
8241903,20/05/2023,03/01/2023,94,25/05/2023,98,*Staircase repair*,Job Scheduled,,
8241903,21/05/2023,03/01/2023,94,25/05/2023,98,*Staircase repair*,Job Scheduled,,
8241903,22/05/2023,03/01/2023,95,25/05/2023,98,*Staircase repair*,Job Scheduled,,
8241903,23/05/2023,03/01/2023,96,25/05/2023,98,*Staircase repair*,Job Scheduled,,
8241903,24/05/2023,03/01/2023,97,25/05/2023,98,*Staircase repair*,Job Scheduled,,
8241903,25/05/2023,03/01/2023,98,25/05/2023,98,*Staircase repair*,Job Scheduled,Finish,38
8242000,04/01/2023,03/01/2023,1,12/04/2023,69,Routine Scope - External Works,Awaiting Scheduling,Start,
8242000,05/01/2023,03/01/2023,2,12/04/2023,69,Routine Scope - External Works,Awaiting Scheduling,,
8242000,06/01/2023,03/01/2023,3,12/04/2023,69,Routine Scope - External Works,Awaiting Scheduling,,
8242000,07/01/2023,03/01/2023,3,12/04/2023,69,Routine Scope - External Works,Awaiting Scheduling,,
8242000,08/01/2023,03/01/2023,3,12/04/2023,69,Routine Scope - External Works,Awaiting Scheduling,,
8242000,09/01/2023,03/01/2023,4,12/04/2023,69,Routine Scope - External Works,Awaiting Scheduling,,
8242000,10/01/2023,03/01/2023,5,12/04/2023,69,Routine Scope - External Works,Awaiting Scheduling,,
8242000,11/01/2023,03/01/2023,6,12/04/2023,69,Routine Scope - External Works,Awaiting Scheduling,Finish,5
8242000,12/01/2023,03/01/2023,7,12/04/2023,69,Routine Scope - External Works,Job Scheduled,Start,
8242000,13/01/2023,03/01/2023,8,12/04/2023,69,Routine Scope - External Works,Job Scheduled,,
8242000,14/01/2023,03/01/2023,8,12/04/2023,69,Routine Scope - External Works,Job Scheduled,,
8242000,15/01/2023,03/01/2023,8,12/04/2023,69,Routine Scope - External Works,Job Scheduled,,
8242000,16/01/2023,03/01/2023,9,12/04/2023,69,Routine Scope - External Works,Job Scheduled,,
8242000,17/01/2023,03/01/2023,10,12/04/2023,69,Routine Scope - External Works,Job Scheduled,,
8242000,18/01/2023,03/01/2023,11,12/04/2023,69,Routine Scope - External Works,Job Scheduled,,
8242000,19/01/2023,03/01/2023,12,12/04/2023,69,Routine Scope - External Works,Job Scheduled,,
8242000,20/01/2023,03/01/2023,13,12/04/2023,69,Routine Scope - External Works,Job Scheduled,,
8242000,21/01/2023,03/01/2023,13,12/04/2023,69,Routine Scope - External Works,Job Scheduled,,
8242000,22/01/2023,03/01/2023,13,12/04/2023,69,Routine Scope - External Works,Job Scheduled,,
8242000,23/01/2023,03/01/2023,14,12/04/2023,69,Routine Scope - External Works,Job Scheduled,,
8242000,24/01/2023,03/01/2023,15,12/04/2023,69,Routine Scope - External Works,Job Scheduled,,
8242000,25/01/2023,03/01/2023,16,12/04/2023,69,Routine Scope - External Works,Job Scheduled,,
8242000,26/01/2023,03/01/2023,17,12/04/2023,69,Routine Scope - External Works,Job Scheduled,,
8242000,27/01/2023,03/01/2023,18,12/04/2023,69,Routine Scope - External Works,Job Scheduled,,
8242000,28/01/2023,03/01/2023,18,12/04/2023,69,Routine Scope - External Works,Job Scheduled,,
8242000,29/01/2023,03/01/2023,18,12/04/2023,69,Routine Scope - External Works,Job Scheduled,,
8242000,30/01/2023,03/01/2023,19,12/04/2023,69,Routine Scope - External Works,Job Scheduled,,
8242000,31/01/2023,03/01/2023,20,12/04/2023,69,Routine Scope - External Works,Job Scheduled,,
8242000,01/02/2023,03/01/2023,21,12/04/2023,69,Routine Scope - External Works,Job Scheduled,Finish,14
8242000,02/02/2023,03/01/2023,22,12/04/2023,69,Routine Scope - External Works,Awaiting Scheduling,Start,
8242000,03/02/2023,03/01/2023,23,12/04/2023,69,Routine Scope - External Works,Awaiting Scheduling,,
8242000,04/02/2023,03/01/2023,23,12/04/2023,69,*Brickwork repair/Replace*,Awaiting Scheduling,,
8242000,05/02/2023,03/01/2023,23,12/04/2023,69,*Brickwork repair/Replace*,Awaiting Scheduling,,
8242000,06/02/2023,03/01/2023,24,12/04/2023,69,*Brickwork repair/Replace*,Awaiting Scheduling,,
8242000,07/02/2023,03/01/2023,25,12/04/2023,69,*Brickwork repair/Replace*,Awaiting Scheduling,,
8242000,08/02/2023,03/01/2023,26,12/04/2023,69,*Brickwork repair/Replace*,Awaiting Scheduling,,
8242000,09/02/2023,03/01/2023,27,12/04/2023,69,*Brickwork repair/Replace*,Awaiting Scheduling,,
8242000,10/02/2023,03/01/2023,28,12/04/2023,69,*Brickwork repair/Replace*,Awaiting Scheduling,,
8242000,11/02/2023,03/01/2023,28,12/04/2023,69,*Brickwork repair/Replace*,Awaiting Scheduling,,
8242000,12/02/2023,03/01/2023,28,12/04/2023,69,*Brickwork repair/Replace*,Awaiting Scheduling,,
8242000,13/02/2023,03/01/2023,29,12/04/2023,69,*Brickwork repair/Replace*,Awaiting Scheduling,,
8242000,14/02/2023,03/01/2023,30,12/04/2023,69,*Brickwork repair/Replace*,Awaiting Scheduling,,
8242000,15/02/2023,03/01/2023,31,12/04/2023,69,*Brickwork repair/Replace*,Awaiting Scheduling,,
8242000,16/02/2023,03/01/2023,32,12/04/2023,69,*Brickwork repair/Replace*,Awaiting Scheduling,Finish,10
8242000,17/02/2023,03/01/2023,33,12/04/2023,69,*Brickwork repair/Replace*,Job Scheduled,Start,
8242000,18/02/2023,03/01/2023,33,12/04/2023,69,*Brickwork repair/Replace*,Job Scheduled,,
8242000,19/02/2023,03/01/2023,33,12/04/2023,69,*Brickwork repair/Replace*,Job Scheduled,,
8242000,20/02/2023,03/01/2023,34,12/04/2023,69,*Brickwork repair/Replace*,Job Scheduled,,
8242000,21/02/2023,03/01/2023,35,12/04/2023,69,*Brickwork repair/Replace*,Job Scheduled,,
8242000,22/02/2023,03/01/2023,36,12/04/2023,69,*Brickwork repair/Replace*,Job Scheduled,,
8242000,23/02/2023,03/01/2023,37,12/04/2023,69,*Brickwork repair/Replace*,Job Scheduled,,
8242000,24/02/2023,03/01/2023,38,12/04/2023,69,*Brickwork repair/Replace*,Job Scheduled,,
8242000,25/02/2023,03/01/2023,38,12/04/2023,69,*Brickwork repair/Replace*,Job Scheduled,,
8242000,26/02/2023,03/01/2023,38,12/04/2023,69,*Brickwork repair/Replace*,Job Scheduled,,
8242000,27/02/2023,03/01/2023,39,12/04/2023,69,*Brickwork repair/Replace*,Job Scheduled,,
8242000,28/02/2023,03/01/2023,40,12/04/2023,69,*Brickwork repair/Replace*,Job Scheduled,,
8242000,01/03/2023,03/01/2023,41,12/04/2023,69,*Brickwork repair/Replace*,Job Scheduled,,
8242000,02/03/2023,03/01/2023,42,12/04/2023,69,*Brickwork repair/Replace*,Job Scheduled,,
8242000,03/03/2023,03/01/2023,43,12/04/2023,69,*Brickwork repair/Replace*,Job Scheduled,,
8242000,04/03/2023,03/01/2023,43,12/04/2023,69,*Brickwork repair/Replace*,Job Scheduled,,
8242000,05/03/2023,03/01/2023,43,12/04/2023,69,*Brickwork repair/Replace*,Job Scheduled,,
8242000,06/03/2023,03/01/2023,44,12/04/2023,69,*Brickwork repair/Replace*,Job Scheduled,,
8242000,07/03/2023,03/01/2023,45,12/04/2023,69,*Brickwork repair/Replace*,Job Scheduled,,
8242000,08/03/2023,03/01/2023,46,12/04/2023,69,*Brickwork repair/Replace*,Job Scheduled,,
8242000,09/03/2023,03/01/2023,47,12/04/2023,69,*Brickwork repair/Replace*,Job Scheduled,,
8242000,10/03/2023,03/01/2023,48,12/04/2023,69,*Brickwork repair/Replace*,Job Scheduled,,
8242000,11/03/2023,03/01/2023,48,12/04/2023,69,*Brickwork repair/Replace*,Job Scheduled,,
8242000,12/03/2023,03/01/2023,48,12/04/2023,69,*Brickwork repair/Replace*,Job Scheduled,,
8242000,13/03/2023,03/01/2023,49,12/04/2023,69,*Brickwork repair/Replace*,Job Scheduled,,
8242000,14/03/2023,03/01/2023,50,12/04/2023,69,*Brickwork repair/Replace*,Job Scheduled,,
8242000,15/03/2023,03/01/2023,51,12/04/2023,69,*Brickwork repair/Replace*,Job Scheduled,Finish,18
8242000,16/03/2023,03/01/2023,52,12/04/2023,69,*Brickwork repair/Replace*,Awaiting Scheduling,Start,
8242000,17/03/2023,03/01/2023,53,12/04/2023,69,*Brickwork repair/Replace*,Awaiting Scheduling,,
8242000,18/03/2023,03/01/2023,53,12/04/2023,69,*Brickwork repair/Replace*,Awaiting Scheduling,,
8242000,19/03/2023,03/01/2023,53,12/04/2023,69,*Brickwork repair/Replace*,Awaiting Scheduling,,
8242000,20/03/2023,03/01/2023,54,12/04/2023,69,*Brickwork repair/Replace*,Awaiting Scheduling,,
8242000,21/03/2023,03/01/2023,55,12/04/2023,69,*Brickwork repair/Replace*,Awaiting Scheduling,,
8242000,22/03/2023,03/01/2023,56,12/04/2023,69,*Brickwork repair/Replace*,Awaiting Scheduling,,
8242000,23/03/2023,03/01/2023,57,12/04/2023,69,*Brickwork repair/Replace*,Awaiting Scheduling,,
8242000,24/03/2023,03/01/2023,58,12/04/2023,69,*Brickwork repair/Replace*,Awaiting Scheduling,,
8242000,25/03/2023,03/01/2023,58,12/04/2023,69,*Brickwork repair/Replace*,Awaiting Scheduling,,
8242000,26/03/2023,03/01/2023,58,12/04/2023,69,*Brickwork repair/Replace*,Awaiting Scheduling,,
8242000,27/03/2023,03/01/2023,59,12/04/2023,69,*Brickwork repair/Replace*,Awaiting Scheduling,,
8242000,28/03/2023,03/01/2023,60,12/04/2023,69,*Brickwork repair/Replace*,Awaiting Scheduling,,
8242000,29/03/2023,03/01/2023,61,12/04/2023,69,*Brickwork repair/Replace*,Awaiting Scheduling,Finish,9
8242000,30/03/2023,03/01/2023,62,12/04/2023,69,*Brickwork repair/Replace*,Job Scheduled,Start,
8242000,31/03/2023,03/01/2023,63,12/04/2023,69,*Brickwork repair/Replace*,Job Scheduled,,
8242000,01/04/2023,03/01/2023,63,12/04/2023,69,*Brickwork repair/Replace*,Job Scheduled,,
8242000,02/04/2023,03/01/2023,63,12/04/2023,69,*Brickwork repair/Replace*,Job Scheduled,,
8242000,03/04/2023,03/01/2023,64,12/04/2023,69,*Brickwork repair/Replace*,Job Scheduled,,
8242000,04/04/2023,03/01/2023,65,12/04/2023,69,*Brickwork repair/Replace*,Job Scheduled,,
8242000,05/04/2023,03/01/2023,66,12/04/2023,69,*Brickwork repair/Replace*,Job Scheduled,,
8242000,06/04/2023,03/01/2023,67,12/04/2023,69,*Brickwork repair/Replace*,Job Scheduled,,
8242000,07/04/2023,03/01/2023,67,12/04/2023,69,*Brickwork repair/Replace*,Job Scheduled,,
8242000,08/04/2023,03/01/2023,67,12/04/2023,69,*Brickwork repair/Replace*,Job Scheduled,,
8242000,09/04/2023,03/01/2023,67,12/04/2023,69,*Brickwork repair/Replace*,Job Scheduled,,
8242000,10/04/2023,03/01/2023,67,12/04/2023,69,*Brickwork repair/Replace*,Job Scheduled,,
8242000,11/04/2023,03/01/2023,68,12/04/2023,69,*Brickwork repair/Replace*,Job Scheduled,,
8242000,12/04/2023,03/01/2023,69,12/04/2023,69,*Brickwork repair/Replace*,Job Scheduled,Finish,7
8242167,04/01/2023,03/01/2023,1,10/02/2023,28,*Damp / Mould / Condensation works*,Awaiting Scheduling,Start,
8242167,05/01/2023,03/01/2023,2,10/02/2023,28,*Damp / Mould / Condensation works*,Awaiting Scheduling,,
8242167,06/01/2023,03/01/2023,3,10/02/2023,28,*Damp / Mould / Condensation works*,Awaiting Scheduling,,
8242167,07/01/2023,03/01/2023,3,10/02/2023,28,*Damp / Mould / Condensation works*,Awaiting Scheduling,,
8242167,08/01/2023,03/01/2023,3,10/02/2023,28,*Damp / Mould / Condensation works*,Awaiting Scheduling,,
8242167,09/01/2023,03/01/2023,4,10/02/2023,28,*Damp / Mould / Condensation works*,Awaiting Scheduling,,
8242167,10/01/2023,03/01/2023,5,10/02/2023,28,*Damp / Mould / Condensation works*,Awaiting Scheduling,,
8242167,11/01/2023,03/01/2023,6,10/02/2023,28,*Damp / Mould / Condensation works*,Awaiting Scheduling,,
8242167,12/01/2023,03/01/2023,7,10/02/2023,28,*Damp / Mould / Condensation works*,Awaiting Scheduling,,
8242167,13/01/2023,03/01/2023,8,10/02/2023,28,*Damp / Mould / Condensation works*,Awaiting Scheduling,Finish,7
8242167,14/01/2023,03/01/2023,8,10/02/2023,28,*Damp / Mould / Condensation works*,Job Scheduled,Start,
8242167,15/01/2023,03/01/2023,8,10/02/2023,28,*Damp / Mould / Condensation works*,Job Scheduled,,
8242167,16/01/2023,03/01/2023,9,10/02/2023,28,*Damp / Mould / Condensation works*,Job Scheduled,,
8242167,17/01/2023,03/01/2023,10,10/02/2023,28,*Damp / Mould / Condensation works*,Job Scheduled,,
8242167,18/01/2023,03/01/2023,11,10/02/2023,28,*Damp / Mould / Condensation works*,Job Scheduled,,
8242167,19/01/2023,03/01/2023,12,10/02/2023,28,*Damp / Mould / Condensation works*,Job Scheduled,,
8242167,20/01/2023,03/01/2023,13,10/02/2023,28,*Damp / Mould / Condensation works*,Job Scheduled,,
8242167,21/01/2023,03/01/2023,13,10/02/2023,28,*Damp / Mould / Condensation works*,Job Scheduled,,
8242167,22/01/2023,03/01/2023,13,10/02/2023,28,*Damp / Mould / Condensation works*,Job Scheduled,,
8242167,23/01/2023,03/01/2023,14,10/02/2023,28,*Damp / Mould / Condensation works*,Job Scheduled,,
8242167,24/01/2023,03/01/2023,15,10/02/2023,28,*Damp / Mould / Condensation works*,Job Scheduled,,
8242167,25/01/2023,03/01/2023,16,10/02/2023,28,*Damp / Mould / Condensation works*,Job Scheduled,,
8242167,26/01/2023,03/01/2023,17,10/02/2023,28,*Damp / Mould / Condensation works*,Job Scheduled,,
8242167,27/01/2023,03/01/2023,18,10/02/2023,28,*Damp / Mould / Condensation works*,Job Scheduled,,
8242167,28/01/2023,03/01/2023,18,10/02/2023,28,*Damp / Mould / Condensation works*,Job Scheduled,,
8242167,29/01/2023,03/01/2023,18,10/02/2023,28,*Damp / Mould / Condensation works*,Job Scheduled,,
8242167,30/01/2023,03/01/2023,19,10/02/2023,28,*Damp / Mould / Condensation works*,Job Scheduled,,
8242167,31/01/2023,03/01/2023,20,10/02/2023,28,*Damp / Mould / Condensation works*,Job Scheduled,,
8242167,01/02/2023,03/01/2023,21,10/02/2023,28,*Damp / Mould / Condensation works*,Job Scheduled,,
8242167,02/02/2023,03/01/2023,22,10/02/2023,28,*Damp / Mould / Condensation works*,Job Scheduled,,
8242167,03/02/2023,03/01/2023,23,10/02/2023,28,*Damp / Mould / Condensation works*,Job Scheduled,,
8242167,04/02/2023,03/01/2023,23,10/02/2023,28,*Damp / Mould / Condensation works*,Job Scheduled,,
8242167,05/02/2023,03/01/2023,23,10/02/2023,28,*Damp / Mould / Condensation works*,Job Scheduled,,
8242167,06/02/2023,03/01/2023,24,10/02/2023,28,*Damp / Mould / Condensation works*,Job Scheduled,,
8242167,07/02/2023,03/01/2023,25,10/02/2023,28,*Damp / Mould / Condensation works*,Job Scheduled,,
8242167,08/02/2023,03/01/2023,26,10/02/2023,28,*Damp / Mould / Condensation works*,Job Scheduled,,
8242167,09/02/2023,03/01/2023,27,10/02/2023,28,*Damp / Mould / Condensation works*,Job Scheduled,,
8242167,10/02/2023,03/01/2023,28,10/02/2023,28,*Damp / Mould / Condensation works*,Job Scheduled,Finish,20
8242290,04/01/2023,03/01/2023,1,16/03/2023,52,*Damp / Mould / Condensation works*,Awaiting Scheduling,Start,
8242290,05/01/2023,03/01/2023,2,16/03/2023,52,*Damp / Mould / Condensation works*,Awaiting Scheduling,Finish,1
8242290,06/01/2023,03/01/2023,3,16/03/2023,52,*Damp / Mould / Condensation works*,Job Scheduled,Start,
8242290,07/01/2023,03/01/2023,3,16/03/2023,52,*Damp / Mould / Condensation works*,Job Scheduled,,
8242290,08/01/2023,03/01/2023,3,16/03/2023,52,*Damp / Mould / Condensation works*,Job Scheduled,,
8242290,09/01/2023,03/01/2023,4,16/03/2023,52,*Damp / Mould / Condensation works*,Job Scheduled,,
8242290,10/01/2023,03/01/2023,5,16/03/2023,52,*Damp / Mould / Condensation works*,Job Scheduled,,
8242290,11/01/2023,03/01/2023,6,16/03/2023,52,*Damp / Mould / Condensation works*,Job Scheduled,,
8242290,12/01/2023,03/01/2023,7,16/03/2023,52,*Damp / Mould / Condensation works*,Job Scheduled,,
8242290,13/01/2023,03/01/2023,8,16/03/2023,52,*Damp / Mould / Condensation works*,Job Scheduled,,
8242290,14/01/2023,03/01/2023,8,16/03/2023,52,*Damp / Mould / Condensation works*,Job Scheduled,,
8242290,15/01/2023,03/01/2023,8,16/03/2023,52,*Damp / Mould / Condensation works*,Job Scheduled,,
8242290,16/01/2023,03/01/2023,9,16/03/2023,52,*Damp / Mould / Condensation works*,Job Scheduled,,
8242290,17/01/2023,03/01/2023,10,16/03/2023,52,*Damp / Mould / Condensation works*,Job Scheduled,,
8242290,18/01/2023,03/01/2023,11,16/03/2023,52,*Damp / Mould / Condensation works*,Job Scheduled,,
8242290,19/01/2023,03/01/2023,12,16/03/2023,52,*Damp / Mould / Condensation works*,Job Scheduled,,
8242290,20/01/2023,03/01/2023,13,16/03/2023,52,*Damp / Mould / Condensation works*,Job Scheduled,,
8242290,21/01/2023,03/01/2023,13,16/03/2023,52,*Damp / Mould / Condensation works*,Job Scheduled,,
8242290,22/01/2023,03/01/2023,13,16/03/2023,52,*Damp / Mould / Condensation works*,Job Scheduled,,
8242290,23/01/2023,03/01/2023,14,16/03/2023,52,*Damp / Mould / Condensation works*,Job Scheduled,,
8242290,24/01/2023,03/01/2023,15,16/03/2023,52,*Damp / Mould / Condensation works*,Job Scheduled,,
8242290,25/01/2023,03/01/2023,16,16/03/2023,52,*Damp / Mould / Condensation works*,Job Scheduled,,
8242290,26/01/2023,03/01/2023,17,16/03/2023,52,*Damp / Mould / Condensation works*,Job Scheduled,,
8242290,27/01/2023,03/01/2023,18,16/03/2023,52,*Damp / Mould / Condensation works*,Job Scheduled,,
8242290,28/01/2023,03/01/2023,18,16/03/2023,52,*Damp / Mould / Condensation works*,Job Scheduled,,
8242290,29/01/2023,03/01/2023,18,16/03/2023,52,*Damp / Mould / Condensation works*,Job Scheduled,,
8242290,30/01/2023,03/01/2023,19,16/03/2023,52,*Damp / Mould / Condensation works*,Job Scheduled,,
8242290,31/01/2023,03/01/2023,20,16/03/2023,52,*Damp / Mould / Condensation works*,Job Scheduled,,
8242290,01/02/2023,03/01/2023,21,16/03/2023,52,*Damp / Mould / Condensation works*,Job Scheduled,,
8242290,02/02/2023,03/01/2023,22,16/03/2023,52,*Damp / Mould / Condensation works*,Job Scheduled,,
8242290,03/02/2023,03/01/2023,23,16/03/2023,52,*Damp / Mould / Condensation works*,Job Scheduled,,
8242290,04/02/2023,03/01/2023,23,16/03/2023,52,*Damp / Mould / Condensation works*,Job Scheduled,,
8242290,05/02/2023,03/01/2023,23,16/03/2023,52,*Damp / Mould / Condensation works*,Job Scheduled,,
8242290,06/02/2023,03/01/2023,24,16/03/2023,52,*Damp / Mould / Condensation works*,Job Scheduled,,
8242290,07/02/2023,03/01/2023,25,16/03/2023,52,*Damp / Mould / Condensation works*,Job Scheduled,,
8242290,08/02/2023,03/01/2023,26,16/03/2023,52,*Damp / Mould / Condensation works*,Job Scheduled,,
8242290,09/02/2023,03/01/2023,27,16/03/2023,52,*Damp / Mould / Condensation works*,Job Scheduled,,
8242290,10/02/2023,03/01/2023,28,16/03/2023,52,*Damp / Mould / Condensation works*,Job Scheduled,,
8242290,11/02/2023,03/01/2023,28,16/03/2023,52,*Damp / Mould / Condensation works*,Job Scheduled,,
8242290,12/02/2023,03/01/2023,28,16/03/2023,52,*Damp / Mould / Condensation works*,Job Scheduled,,
8242290,13/02/2023,03/01/2023,29,16/03/2023,52,*Damp / Mould / Condensation works*,Job Scheduled,,
8242290,14/02/2023,03/01/2023,30,16/03/2023,52,*Damp / Mould / Condensation works*,Job Scheduled,,
8242290,15/02/2023,03/01/2023,31,16/03/2023,52,*Damp / Mould / Condensation works*,Job Scheduled,,
8242290,16/02/2023,03/01/2023,32,16/03/2023,52,*Damp / Mould / Condensation works*,Job Scheduled,Finish,29
8242290,17/02/2023,03/01/2023,33,16/03/2023,52,*Damp / Mould / Condensation works*,Awaiting Scheduling,Start,
8242290,18/02/2023,03/01/2023,33,16/03/2023,52,*Damp / Mould / Condensation works*,Awaiting Scheduling,,
8242290,19/02/2023,03/01/2023,33,16/03/2023,52,*Damp / Mould / Condensation works*,Awaiting Scheduling,,
8242290,20/02/2023,03/01/2023,34,16/03/2023,52,*Damp / Mould / Condensation works*,Awaiting Scheduling,,
8242290,21/02/2023,03/01/2023,35,16/03/2023,52,*Damp / Mould / Condensation works*,Awaiting Scheduling,,
8242290,22/02/2023,03/01/2023,36,16/03/2023,52,*Damp / Mould / Condensation works*,Awaiting Scheduling,Finish,3
8242290,23/02/2023,03/01/2023,37,16/03/2023,52,*Damp / Mould / Condensation works*,Job Scheduled,Start,
8242290,24/02/2023,03/01/2023,38,16/03/2023,52,*Damp / Mould / Condensation works*,Job Scheduled,,
8242290,25/02/2023,03/01/2023,38,16/03/2023,52,*Damp / Mould / Condensation works*,Job Scheduled,,
8242290,26/02/2023,03/01/2023,38,16/03/2023,52,*Damp / Mould / Condensation works*,Job Scheduled,,
8242290,27/02/2023,03/01/2023,39,16/03/2023,52,*Damp / Mould / Condensation works*,Job Scheduled,,
8242290,28/02/2023,03/01/2023,40,16/03/2023,52,*Damp / Mould / Condensation works*,Job Scheduled,,
8242290,01/03/2023,03/01/2023,41,16/03/2023,52,*Damp / Mould / Condensation works*,Job Scheduled,,
8242290,02/03/2023,03/01/2023,42,16/03/2023,52,*Damp / Mould / Condensation works*,Job Scheduled,,
8242290,03/03/2023,03/01/2023,43,16/03/2023,52,*Damp / Mould / Condensation works*,Job Scheduled,,
8242290,04/03/2023,03/01/2023,43,16/03/2023,52,*Damp / Mould / Condensation works*,Job Scheduled,,
8242290,05/03/2023,03/01/2023,43,16/03/2023,52,*Damp / Mould / Condensation works*,Job Scheduled,,
8242290,06/03/2023,03/01/2023,44,16/03/2023,52,*Damp / Mould / Condensation works*,Job Scheduled,,
8242290,07/03/2023,03/01/2023,45,16/03/2023,52,*Damp / Mould / Condensation works*,Job Scheduled,,
8242290,08/03/2023,03/01/2023,46,16/03/2023,52,*Damp / Mould / Condensation works*,Job Scheduled,,
8242290,09/03/2023,03/01/2023,47,16/03/2023,52,*Damp / Mould / Condensation works*,Job Scheduled,,
8242290,10/03/2023,03/01/2023,48,16/03/2023,52,*Damp / Mould / Condensation works*,Job Scheduled,,
8242290,11/03/2023,03/01/2023,48,16/03/2023,52,*Damp / Mould / Condensation works*,Job Scheduled,,
8242290,12/03/2023,03/01/2023,48,16/03/2023,52,*Damp / Mould / Condensation works*,Job Scheduled,,
8242290,13/03/2023,03/01/2023,49,16/03/2023,52,*Damp / Mould / Condensation works*,Job Scheduled,,
8242290,14/03/2023,03/01/2023,50,16/03/2023,52,*Damp / Mould / Condensation works*,Job Scheduled,,
8242290,15/03/2023,03/01/2023,51,16/03/2023,52,*Damp / Mould / Condensation works*,Job Scheduled,,
8242290,16/03/2023,03/01/2023,52,16/03/2023,52,*Damp / Mould / Condensation works*,Job Scheduled,,
8242323,04/01/2023,03/01/2023,1,24/01/2023,15,Routine Scope - External Works,Job Scheduled,,
8242323,05/01/2023,03/01/2023,2,24/01/2023,15,Routine Scope - External Works,Job Scheduled,,
8242323,06/01/2023,03/01/2023,3,24/01/2023,15,Routine Scope - External Works,Job Scheduled,,
8242323,07/01/2023,03/01/2023,3,24/01/2023,15,Routine Scope - External Works,Job Scheduled,,
8242323,08/01/2023,03/01/2023,3,24/01/2023,15,Routine Scope - External Works,Job Scheduled,,
8242323,09/01/2023,03/01/2023,4,24/01/2023,15,Routine Scope - External Works,Job Scheduled,,
8242323,10/01/2023,03/01/2023,5,24/01/2023,15,Routine Scope - External Works,Job Scheduled,,
8242323,11/01/2023,03/01/2023,6,24/01/2023,15,Routine Scope - External Works,Job Scheduled,,
8242323,12/01/2023,03/01/2023,7,24/01/2023,15,Routine Scope - External Works,Job Scheduled,,
8242323,13/01/2023,03/01/2023,8,24/01/2023,15,Routine Scope - External Works,Job Scheduled,,
8242323,14/01/2023,03/01/2023,8,24/01/2023,15,Routine Scope - External Works,Job Scheduled,,
8242323,15/01/2023,03/01/2023,8,24/01/2023,15,Routine Scope - External Works,Job Scheduled,,
8242323,16/01/2023,03/01/2023,9,24/01/2023,15,Routine Scope - External Works,Job Scheduled,,
8242323,17/01/2023,03/01/2023,10,24/01/2023,15,Routine Scope - External Works,Job Scheduled,,
8242323,18/01/2023,03/01/2023,11,24/01/2023,15,Routine Scope - External Works,Job Scheduled,,
8242323,19/01/2023,03/01/2023,12,24/01/2023,15,Routine Scope - External Works,Job Scheduled,,
8242323,20/01/2023,03/01/2023,13,24/01/2023,15,Routine Scope - External Works,Job Scheduled,,
8242323,21/01/2023,03/01/2023,13,24/01/2023,15,Routine Scope - External Works,Job Scheduled,,
8242323,22/01/2023,03/01/2023,13,24/01/2023,15,Routine Scope - External Works,Job Scheduled,,
8242323,23/01/2023,03/01/2023,14,24/01/2023,15,Routine Scope - External Works,Job Scheduled,,
8242323,24/01/2023,03/01/2023,15,24/01/2023,15,Routine Scope - External Works,Job Scheduled,Finish,-22
8242505,04/01/2023,03/01/2023,1,23/01/2023,71,Routine Scope - Internal Works,Job Scheduled,Start,
8242505,05/01/2023,03/01/2023,2,23/01/2023,71,Routine Scope - Internal Works,Job Scheduled,,
8242505,06/01/2023,03/01/2023,3,23/01/2023,71,Routine Scope - Internal Works,Job Scheduled,,
8242505,07/01/2023,03/01/2023,3,23/01/2023,71,Routine Scope - Internal Works,Job Scheduled,,
8242505,08/01/2023,03/01/2023,3,23/01/2023,71,Routine Scope - Internal Works,Job Scheduled,,
8242505,09/01/2023,03/01/2023,4,23/01/2023,71,Routine Scope - Internal Works,Job Scheduled,,
8242505,10/01/2023,03/01/2023,5,23/01/2023,71,Routine Scope - Internal Works,Job Scheduled,,
8242505,11/01/2023,03/01/2023,6,23/01/2023,71,Routine Scope - Internal Works,Job Scheduled,,
8242505,12/01/2023,03/01/2023,7,23/01/2023,71,Routine Scope - Internal Works,Job Scheduled,Finish,6
8242505,13/01/2023,03/01/2023,8,23/01/2023,71,Routine Scope - Internal Works,Awaiting Scheduling,Start,
8242505,14/01/2023,03/01/2023,8,23/01/2023,71,*Shower Tray repair/replace*,Awaiting Scheduling,,
8242505,15/01/2023,03/01/2023,8,23/01/2023,71,*Shower Tray repair/replace*,Awaiting Scheduling,,
8242505,16/01/2023,03/01/2023,9,23/01/2023,71,*Shower Tray repair/replace*,Awaiting Scheduling,,
8242505,17/01/2023,03/01/2023,10,23/01/2023,71,*Shower Tray repair/replace*,Awaiting Scheduling,,
8242505,18/01/2023,03/01/2023,11,23/01/2023,71,*Shower Tray repair/replace*,Awaiting Scheduling,,
8242505,19/01/2023,03/01/2023,12,23/01/2023,71,*Shower Tray repair/replace*,Awaiting Scheduling,,
8242505,20/01/2023,03/01/2023,13,23/01/2023,71,*Shower Tray repair/replace*,Awaiting Scheduling,,
8242505,21/01/2023,03/01/2023,13,23/01/2023,71,*Shower Tray repair/replace*,Awaiting Scheduling,,
8242505,22/01/2023,03/01/2023,13,23/01/2023,71,*Shower Tray repair/replace*,Awaiting Scheduling,,
8242505,23/01/2023,03/01/2023,14,23/01/2023,71,*Shower Tray repair/replace*,Awaiting Scheduling,Finish,6
